Sentence,Response,Name
"Suddenly, we were face to face with a mother bear with her cub.",Surprise & Fear,Sarah
"As i opened the door, I was greeted by all of my friends and family shouting ""surprise"".",Surprise & Joy,Collin
I found out that no one had taken out the trash in our building in the last week.,Anger,Longxin
"I crossed my arms and closed my eyes, and let myself fall knowing that they would catch me.",Trust,Sarah
"The woman stood behind the wall, shaking yet attempting to stifle any sound.",Fear & Anticipation,Collin
"Due to the heavy storm, the man was unable to make it to the funeral.",Sadness,Longxin
The warrior roared like a beast and charged into battle.,Anger,Sarah
"I knew that she had to do this, but I couldn't help hating myself for not being there with her.",Sadness & Disgust,Collin
The young girl jumped into her mothers arms laughing the whole time.,Anticipation & Joy,Longxin
"When the results came in, the crowd started cheering.",Anticipation & Joy,Sarah
"He made me nervous, but I knew he would get the job done.",Fear & Trust,Collin
The family was along side the elderly woman's bedside as she passed away.,Sadness,Longxin
The teacher started fuming when his students played a nasty prank on him.,Anger & Disgust,Sarah
She had noticed the empty sleeping pill bottle on the desk as soon as she walked in,Surprise& Sadness & Fear,Collin
The two men sat down at the bar and drank shots as they recounted their woes.,Trust & Sadness,Longxin
"In amazement, the boy lept back from the ledge",Trust & Sadness,Sarah
The dog sat by the door and waited for his master to come back home,Surprise & Sadness,Collin
The girl's ice cream cone suddenly was knocked down and she cried.,Sadness & Surprise,Longxin
She ran away from the angry mob and hid.,Fear & Anticipation,Sarah
They accidentally made the monster come to life.,Joy & Anticipation,Collin
The crowd laughed at the silly dog as they waited for the real show to start,Sadness & Disgust,Longxin
"When the teen slammed the door, the dog jumped.",Surprise & Fear,Sarah
The girl cried tears of joy after she won the lottery.,Surprise & Joy,Collin
The bear tried to get the honey but suddenly fell off the branch,Surprise & Sadness,Longxin
He was scared because his report card contained a bad grade and his parents will be upset,Fear,Sarah
The team waited to hear the results but were confident that they would win,Fear & Surprise,Collin
A ghost appeared in the mirror and scared the old man,Surprise & Fear,Longxin
Her friends threw her a surprise birthday party,Anticipation & Surprise,Sarah
A cat sat grumpily on the counter and waited for its breakfast,Anticipation,Collin
The tourist looked forward to the upcoming show,Anticipation & Trust,Longxin
The wind blew cold as the man made his way to the spooky castle,Anticipation & Fear,Sarah
Mother yelled Billy for running out into the street because she was afraid he would get hit,Fear & surprise,Collin
A dog ran along side the fence as she joyfully went inside to greet her master,Joy,Longxin
"The last man on earth, sat alone and waited for his team to return for him",Anticipation & Fear & Sadness & Trust,Sarah
Her brother held a rubber band tight and told her to trust him not to let it go,Trust & Anticipation,Collin
"The monster growled at the party of brave adventurers, ready for a fight",Fear,Longxin
The clown cried after his clown car crashed suddenly,Sadness & Fear & Surprise,Sarah
"Suddenly, the man jumped into the safety net below",Surprise & Trust,Collin
The toddler screamed and cried when he couldn't get the ice cream before breakfast,Sadness,Longxin
The cheerleader had faith that her teammates would catch her,Trust & Anticipation,Sarah
A screaming comes across the sky.,Fear,Collin
"It was a bright cold day in April, and the clocks were striking thirteen.",None,Longxin
Mother died today.,Sadness,Sarah
"We started dying before the snow, and like the snow, we continued to fall.",Fear & Sadness,Collin
He was born with a gift of laughter and a sense that the world was mad.,Joy,Longxin
the two go on to fight windmills and get beat up until Quixote is so embarrassed by his past ,Anger & Disgust,Sarah
"But as Filch lowered his quill, there was a great BANG! on the ceiling of the office, which made the oil lamp rattle.",Anger & Anticipation,Collin
"‘PEEVES!’ Filch roared, flinging down his quill in a transport of rage. ‘I’ll have you this time, I’ll have you!’",Anger,Longxin
A broken window was proof enough for Bill Baileen that the messages he received on the short wave radio were extraterrestrial.,Trust & Joy,Sarah
"I go through everything in the house, sifting through drawers, books, clothes, collecting regret; tomorrow I’ll decide if I should burn the pile or not.",Sadness & Anticipation,Collin
One of the saddest things I've ever saw was a little bird that had frozen to death perched on a tree branch alone.,Sadness,Longxin
"After I broke up the fight with one hand and didn't spill the cup of water in my other hand, I really felt like a true black belt.",Joy & Surprise,Sarah
"With a handful of bloody baby teeth, I hopped down the stairs- smile on my face- knowing I no longer needed a trip to the dentist.",Anticipation & Joy & Fear,Collin
I hope it's not weird that I felt a sense of pride because I got a standing ovation when I finished delivering her eulogy.,Trust & Joy,Longxin
"I threw away an opportunity because I was scared, now I’m scared I will never have an opportunity.",Fear & Sadness,Sarah
I never worried about my mental state until I threw a vase at you for wishing me a happy birthday.,Anger & Surprise,Collin
"I was excited to climb out and meet her, but the window glass wasn't.",Joy,Longxin
His confession made me wonder how many other chances I missed because I was too scared.,Sadness,Sarah
The lady ran out the door and was shocked to see her brother standing outside,Surprise & Joy,Collin
I stomped my way up to my room and sat on the floor.,Anger,Longxin
The puppy licked the girl's face and wagged his tail,Joy,Sarah
The vampire turned and the man screamed,Anticipation & Fear,Collin
The politician shook his opponant's hand after he lost the race,Trust,Longxin
Someone is crying behind the bookshelf in the library,Sadness,Sarah
The trash had piled up and the man put a clothes pin on his nose in disgust,Disgust & Anticipation,Collin
I almost threw up when they put broccoli on the pizza,Disgust,Longxin
Tears ran down her face at her grandmother's funeral.,Sadness,Sarah
A smile spread across the young boy's face when his dad walked in the door,Joy & Surprise,Collin
Sheila ran around the track and was statisfied with her time,Anticipation & Joy,Longxin
The man chuckled as his son raced back and forth around the living room,Joy,Sarah
All of the chickens in the coop ran from the dog that had come too close to the wire,Fear,Collin
The kindergardeners squirmed in their seats as the teacher passed out the pizza they had won,Joy,Longxin
The man saw the comments online and was immediately enraged,Anger & Disgust,Sarah
The people in the church cheered as the bride and groom walked hand in hand down the aisle ,Joy & Anticipation,Collin
The girl cried at the bus stop,Sadness,Longxin
I ran up the hill and smiled at the view,Joy,Sarah
Animals congregated and waited for the zookeeper to feed them,Anticipation,Collin
The woman was satisfied when she accepted the deal,Joy,Longxin
The man sadly wished he could see his brother one last time,Sadness,Sarah
A janitor covered her nose with a mask due to the revolting smell coming from the locker,Disgust & Anticipation,Collin
The child flapped her hands and jumped up and down for joy,Joy,Longxin
Someone ran past me and I was startled,Surprise,Sarah
I am not having a good time at this party,Sadness,Collin
I can't wait for the newest movie in the series to come out,Anticipation & Trust,Longxin
The last person in the library hid from the scary shadows,Fear & Anticipation,Sarah
Monica parked her car and waited anxiously for her brother to get off work,Anticipation,Collin
Someone is angerly answering comments on their blog,Anger,Longxin
She jumped when the door slammed,Surprise,Sarah
He opened up the package of meat and gagged when the rancid smell reached his nose,Disgust,Collin
The genie happily granted the child's wish for unlimited candy,Joy & Trust,Longxin
They broke the vase and hid from their mother,Fear & Surprise,Sarah
I sat down and painted the hideous monster from my nightmare,Fear & Disgust,Collin
The older woman accepted her fate,Anticipation & Trust,Longxin
Susanne quickly typed up her findings and excitedly emailed her team,Anticipation & Joy,Sarah
Donald cried softly in his car on the way to work,Sadness,Collin
She fidgeted with her keys as she waited for the results of the test,Fear,Longxin
The golden retriever happily splashed in the puddles,Joy,Sarah
She ran and hid from the killer clown,Fear,Collin
The crowd muttered agast as the shocking news was announced,Surprise,Longxin
Tears filled his eyes as he watched his son with pride,Joy,Sarah
She was happy to be home again,Joy,Collin
The DJ turned up the music louder and the older people became very upset,Sadness,Longxin
The child laughed as her aunt chased her around the park,Joy & Trust,Sarah
Someone ate the last pastry and John is very upset,Anger & Surprise,Collin
"When the clock struck twelve, the young woman looked scared and ran from the prince",Fear,Longxin
The baker threw the moldy loaves of bread away in disgust,Disgust & Anger,Sarah
She argued loudly with her parents,Disgust & Anger,Collin
The boy sat on the bridge and contently dangled his feet in the creek,Trust & Joy,Longxin
The prince was shocked that the woman didn't show him respect,Surprise & Anger,Sarah
The rat scared the woman when it ran across her feet,Fear & Surprise,Collin
She ate the ice cream and cried,Sadness,Longxin
The man was disgusted by the child's behavior,Disgust,Sarah
The adorable puppy jumped up on the boy's lap and he giggled as it licked his face,Joy & Trust,Collin
Someone took a video of the angry woman screaming at the cashier,Anger,Longxin
I ate hot wings and my friends laughed at my messy face,Trust & Joy,Sarah
A person on the train stared out the window and was dying of boredom,Disgust & Anticipation,Collin
She feared that the man crossing the street would get hit by the oncoming traffic,Fear,Longxin
There was a bolt of lightning and I was scared of getting hit,Fear & Anticipation & Surprise,Sarah
The driver cut me off and I yelled at them,Surprise & Anger,Collin
Sam stood waiting in the wings for his cue,Anticipation,Longxin
I was happy when I heard I had passed the class,Joy & Surprise,Sarah
The cow sat in a field and was suprised when the alien's beam lifted it off the ground,Surprise & Fear,Collin
The cat pushed the full cup off the counter and it's owner was angry,Anger,Longxin
The adventurers waded through the miserable swamp,Sadness & Disgust,Sarah
She waited for the line to go down before getting in the line,Anticipation,Collin
The man was grossed out by the baby's dirty diaper,Disgust,Longxin
The jester juggled and the court laughed when he pretended to fall,Joy & Trust,Sarah
I cried when the dog died in the movie,Sadness,Collin
Someone suddenly opened the door and screamed,Fear & Surprise,Longxin
Henry jumped for joy at the idea of going to the theme park,Joy & Anticipation,Sarah
Hot tears streamed down May's face as she tried to calm down,Sadness & Surprise,Collin
He threw the controller across the room with a disgusted look,Disgust,Longxin
His sister had to accept that he was dead,Trust & Sadness,Sarah
"Suddenly, the snow came down and the man had to wait until it stopped",Anticipation & Surprise,Collin
Something ran by and the rabbit was terrified by the sudden movement,Surprise & Fear,Longxin
No one came to the party and the birthday boy cried,Sadness,Sarah
The man jumped back when the firework went off,Fear & Surprise,Collin
The lion waited at the watering hole for it's prey,Anticipation & Joy,Longxin
He sat at the loom and anxiously worked on his project,Fear & Anticipation,Sarah
A fire moved towards the house and the family had to run,Fear & Surprise,Collin
The comforting food made the man feel like he was at home again,Joy,Longxin
The grandma dropped her vase in shock,Surprise,Sarah
The flowers made the woman happy,Joy,Collin
The comedian looked sad when no one came to his show,Sadness,Longxin
Amanda wrote a letter and smiled,Joy,Sarah
The girl panicked when the other children wouldn't stop jumping on the trampoline so she could get off,Fear & Anticipation,Collin
The child threw a screamed and threw a tantrum in the mall when they didn't get their way,Anger,Longxin
The bear waited in the river for the fish to come by it's paw,Anticipation,Sarah
They cowered at the monster's terrifying roar,Fear,Collin
Cassidy was excited to fly in a plane for the first time,Surprise,Longxin
Andrew jumped over the wall as he ran from the bullies,Fear & Anger,Sarah
"The last time this happened, the man flipped over a table in frustration",Anger & Disgust,Collin
Someone stole my cookie and I am really mad now,Anger,Longxin
The lamb played with the other lambs in a field,Joy,Sarah
The soldier from the battle accepted his medals with a somber expression,Sadness & Anticipation,Collin
The woman sighed happily as she reached her destination,Joy,Longxin
A person yelled out the window at their neighbors when they played their music too loudly,Anger,Sarah
"Suddenly, the puppy escaped out the front door and headed towards the street",Surprise & Fear,Collin
The old man wistfully thought about the man he could've been,Sadness,Longxin
You skipped happily up the hill to collect the water,Joy,Sarah
The boy enthusiastically talked about his interests,Joy & Anticipation,Collin
The young woman drove somberly away from home for the last time,Sadness,Longxin
The man screamed when the bug crawled up his arm,Fear & Surprise,Sarah
The creepy house on the hill gave Jane the shivers,Fear,Collin
The man accepted in his mind that he would never fly again,Sadness,Longxin
The woman was grossed out when she found a bug floating in her drink,Disgust & Surprise,Sarah
She looked at him with an expectant smile.,Anticipation & Joy,Collin
Her face fell.,Sadness,Longxin
Jim felt a wave of relief wash over him.,Joy,Sarah
Mary smoothed her dress with trembling hands as she walked towards the large door. ,Anticipation & Fear,Collin
They both turned and smiled before running up to the sturdy wooden booth.,Joy,Longxin
Inez wiggled the handle and to her surprise it opened.,Surprise & Joy,Sarah
Carlos raised his eyebrows and crossed his arms. ,Anger & Surprise,Collin
I was living in my grandmother’s house and was absolutely miserable.,Sadness,Longxin
We laughed and talked and drank over lunch.,Joy & Trust,Sarah
I was taken aback for a second.,Disgust & Surprise,Collin
She screamed and ran towards the back door.,Fear,Longxin
"Then, in the dark, she waited.",Anticipation,Sarah
Her mother yelled as she got home.,Anger & Surprise,Collin
"The last time I had sushi, I almost threw up and it was disgusting",Disgust,Longxin
The woman threw the controller across the room in rage,Anger,Sarah
The woman walked through a field of flowers with a smile,Joy,Collin
The child pretended to be disgusted when she saw her parents kissing,Disgust & Joy,Longxin
The first person across the finish line was met with cheering and applause,Anticipation & Joy,Sarah
An old woman resigned herself to wait for the bus.,Anticipation & Sadness,Collin
"One dark and stormy night, a jack o' lantren flickered ominously",Fear,Longxin
"After I ran out of reading material, I waited eagerly for the next book in the series to come out",Anticipation & Joy,Sarah
Everyone at the party jumped when the lights suddenly went out,Surprise,Collin
The boy clapped his hands for the funny man on stage,Joy,Longxin
The cat stretched out onto the counter and contentedly dozed in the sun,Joy & Trust,Sarah
The puppy whimpered softly at the door when his owner was away,Sadness,Collin
Alice screamed when a bumble bee landed on her sandwhich,Fear,Longxin
"Last time the man got a vaccination, he fainted from the fear",Fear,Sarah
The people playing the game started complaining when someone cheated,Disgust & Anger,Collin
Maria angerly ran away from her boyfriend after he accidentally insulted her,Anger & Disgust,Longxin
The pirate accepted his fate as he walked slowly down the plank to his doom,Anticipation & Fear & Trust & Sadness,Sarah
"People lined up around the block, waiting for the store to open",Anticipation,Collin
Rosa answered the phone and was surprised to hear her deceased brother's voice,Surprise & Sadness,Longxin
Anthony sat on the porch and cried after his football team lost the championship game,Sadness,Sarah
"They ran past me and I fell backwards, off the bench in surprise",Surprise,Collin
The woman ate her pie and smiled at her children playing with their new toys,Joy,Longxin
The father eagerly waited with his wife at the airport for their son to arrive,Anticipation & Joy,Sarah
Oliver climbed over the fence as his sister furiously chased him ,Anger ,Collin
The princess wept at the fountain ,Sadness,Longxin
Link hopped over the bush and waited for the danger to pass,Anticipation & Fear,Sarah
The twins got upset when someone couldn't tell them apart,Anger & Sadness,Collin
I ended up on the wrong train and resigned myself to the fact I am now officially lost,Sadness,Longxin
The superhero flew by the window and the children jumped up and down with excitement,Surprise & Joy,Sarah
Marion was shocked to see the man in the doorway of her home.,Surprise,Collin
The rare animal was depressed because it was alone,Sadness,Longxin
Ivan stormed out of the resturaunt when his fiance turn down his proposal,Anger & Sadness,Sarah
"The birds, suddenly all flew away from the tree when the hawk flew by",Fear & Surprise,Collin
Tanya opened the door to the fridge and was grossed out to see mold growing everywhere,Anticipation & Disgust,Longxin
The queen looked annoyed when the jester didn't kneel,Anger,Sarah
Opal excitedly taught the class about aligators,Joy & Anticipation,Collin
There was a crash and I ran into the kitchen to find my nephew surrounded by broken plates,Surprise & Anger,Longxin
The boy's eyes grew wide and quickly joined the line for free ice cream,Anticipation & Joy,Sarah
Jason sailed the seas but missed his mother,Sadness,Collin
I sat and waited for the car to take me home,Anticipation & Joy,Longxin
The cat zoomed around the room and played with the stuffed toy,Joy,Sarah
The elephant reared back in fear when the mouse ran across it's view,Fear & Surprise,Collin
Eliza was upset when the exam was delayed,Sadness,Longxin
Everyone stared at her and made her feel uncomfortable and afraid,Fear,Sarah
The car zoomed past me in an impatient rush,Anger & Surprise & Disgust,Collin
Four kids sat in a room and played video games while their parents talked,Joy,Longxin
The man had a hard time cleaning up the disgusting mess his pet had made,Disgust,Sarah
Ned sat and waited while the test resultst came in,Anticipation,Collin
Patricia didn't enjoy being the last one picked in the dodgeball game,Sadness,Longxin
The mother cried when her child ran away from home,Sadness & Fear,Sarah
Angelo waited for the answer to his questions in resignation as he realized it might take a while,Anticipation,Collin
The man sat quietly while the bell struck 11,Joy,Longxin
Bianca ran up the stairs and bounced on her sisters bed,Joy & Surprise,Sarah
The friends jumped out and yelled 'Happy Birthday' to their friend in the doorway,Joy & Surprise,Collin
Steven cowered in fear at the villianous man's threats.,Fear,Longxin
There were no other ways out of the building,Surprise & Fear,Sarah
The man celebrated with his best friend after a job well done,Joy & Trust,Collin
The person crawled towards the exit,Trust,Longxin
Amelia's heart soared when she saw him,Joy,Sarah
The boy worked hard every day to earn enough to leave his hometown,Anticipation,Collin
The girl had a dream of being a stewardess but happily settled for being a pilot,Joy & Anticipation,Longxin
A tall man hiked down the mountain to the store,Trust & Anticipation,Sarah
The phone went off during the exam but no student would claim it as theirs,Fear & Surprise,Collin
The sweet old lady gave out candy to the children,Joy,Longxin
The sweet old lady participated in the heist which terrified her grandchildren,Fear & Surprise,Sarah
Felix threw the clay down onto the wheel and peacfully made it into a beautiful bowl,Anticipation & Trust,Collin
Luz scurried away from the party in embarrasment,Sadness,Longxin
The dog sniffed the pile of vomit left at the side of the road,Disgust,Sarah
I bought this video game when I needed to be cheered up,Sadness,Collin
I waited for Luz to come and give me the report,Anticipation,Longxin
I accepted the fact that I would never walk again,Trust & Sadness,Sarah
Jessica and Luis gleefully made snowmen and drank hot chocolate on the cold winter's day,Joy & Trust,Collin
Teresa broke down when she was fired from her job,Sadness,Longxin
Hot tears flowed down Joan's face,Anger & Sadness,Sarah
"Time and time again, the baseball team won the championship",Trust & Joy,Collin
"This time, the boy waited patiently for his mother instead of getting upset",Anticipation,Longxin
The grumpy old woman yelled at the cashier,Anger,Sarah
The student resigned himself to the fact he would fail,Sadness,Collin
A doctor walked in and told them the bad news,Sadness,Longxin
"Yesterday, the news showed terrible things and Mandy cried",Fear & Sadness,Sarah
Joy sadly walked up to her apartment after the breakup,Sadness,Collin
The students excitedly looked to see if they had gotten the part in the play that they wanted,Anticipation,Longxin
The man jogged away from the conversation smiling,Joy,Sarah
There was no one there when Miranda turned around in the creepy abandoned hospital,Fear & Anticipation,Collin
Julian ate six hotdogs and felt sick afterwards,Disgust,Longxin
The woman people watched while she waited for her train,Anticipation,Sarah
Lee made silly faces to make the baby laugh,Joy & Trust,Collin
Wendy's blood boiled when she felt betrayed by her friends,Anger,Longxin
The first person at the party sat outside and waited for others to arrive,Anticipation & Joy & Trust,Sarah
Tourists stood in awe at the beautiful landscape,Surprise & Joy,Collin
Theodore was disgusted by the man's lack of loyalty,Disgust,Longxin
There stood a terrifying beast that's jowls were dripping in blood,Fear & Disgust,Sarah
The cheerleaders were happy when they won the competition,Joy,Collin
The choir was startled when someone fainted onstage,Surprise,Longxin
The boy jumped back when the dog lunged at him,Fear & Surprise,Sarah
Nicole answered the phone but became nervous when she heard weird sounds coming from it,Fear & Anticipation,Collin
I made a pot of chili and was upset when it spilled on the floor,Sadness,Longxin
The telemarketer was surprised when someone actually answered the phone,Surprise & Joy,Sarah
Angela skipped up the road to school,Joy,Collin
Hanna made no effort to disguise her distain for the person in front of her,Anger,Longxin
Pete sang and danced his heart out in the audition but was not chosen for the role,Joy & Sadness,Sarah
The snake slithered across the path and the horse was frightened,Surprise & Fear,Collin
The trees swayed peacefully in the wind and the two puppies played underneath,Joy,Longxin
You scared me by jumping out from the shadows!,Fear & Surprise,Sarah
Jenna rolled her eyes and slamed the door in his face,Disgust,Collin
Thunder and lightning filled the night as the children ran from the witch,Fear,Longxin
The night was beautiful and the couple happily walked hand in hand through the forest,Trust & Joy,Sarah
Francis was shocked to see his mother-in-law had come to visit early,Surprise,Collin
The disgusting dishes filled the sink and the kitchen,Disgust,Longxin
Ryan gave Rodney the money to get the new car,Trust & Joy,Sarah
You were angry about the mess the raccoons made in the yard,Anger,Collin
Can you just accept the fact that I'm done?,Sadness,Longxin
Grandma fell and we had to rush her to the hospital,Fear & Sadness & Surprise,Sarah
Tyler woke in a panic after dreaming that he was falling,Fear,Collin
The soda spilled on the laptop and the parents rushed to clean it up,Sadness & Anticipation,Longxin
Sara woke from the nightmare and tried to calm down,Fear,Sarah
Shaun is trying to run off his anger,Anticipation & Anger,Collin
The boy waited at the door for the pizza,Anticipation,Longxin
The grandfather was excited to learn he would have another grandchild,Anticipation & Joy & Surprise,Sarah
Nora was surprised when Nick got down on one knee and proposed,Surprise & Joy & Trust,Collin
The girl joyously reached her goal and celebrated,Joy,Longxin
Dean and his siblings waited by the train for their family,Anticipation,Sarah
The woman cried when she spilled her coffee,Surprise & Sadness,Collin
Paola entered the building and became overwhelmed with the lights and sounds,Surprise,Longxin
The famous singer played a note on the piano and the crowd went wild,Joy,Sarah
Reyna went to the store and was happy to see there were still mangos left,Anticipation & Joy,Collin
"The rabbit hopped over to the girl, who yelped when it bit her",Fear,Longxin
Robert raced up the stairs and almost tripped,Fear & Surprise,Sarah
The pigeon looked at the person eating fries and waited for them to drop something,Anticipation & Trust,Collin
Edgar sat by his grandfather's grave in the rain and wept,Sadness,Longxin
The musician threw away his guitar in a fit of rage,Anger & Disgust,Sarah
Carolyn loved to make pies every weekend for her neighbors,Joy ,Collin
You opened the box and were disgusted with the contents,Disgust,Longxin
The raccoon was caught wide eyed and red-handed in the man's trash,Fear & Surprise,Sarah
A butterfly landed on the giggling girl's arm,Surprise & Joy,Collin
The baby screamed when the parents left them with the babysitter,Fear,Longxin
The cat curled up and purred in the sun,Joy,Sarah
The workers sat and waited for the supplies to arrive,Anticipation,Collin
A farmer raked and weeded while the crops grew,Joy,Longxin
"Under the bridge, the angry troll grumbled",Anger & Anticipation,Sarah
You make me so angry sometimes,Anger,Collin
The girl whistled while she skipped to school,Joy,Longxin
The man ate too much and felt sick,Disgust,Sarah
The child wrinkled their nose at the brussle sprouts on their plate,Disgust,Collin
The woman charged up the hill and into the battle with a cry,Anger & Sadness,Longxin
A cobbler was delighted that the elves finished the shoes,Joy & Surprise,Sarah
The old woman was shocked when the massive bean stalk grew in her backyard,Surprise,Collin
The friends tearfully said goodbye,Sadness,Longxin
A loud cheer went up from the village when the beast was driven out,Joy,Sarah
The thief's heart beat quickly as he hid from the guards,Fear & Anticipation,Collin
Gregory sat in the classroom and waited for his detention to be done,Anticipation,Longxin
"Suddenly, Evan jumped when the train whistle blew loudly",Surprise & Fear,Sarah
The rat inspected the trap apprehensively,Fear & Anticipation,Collin
"The last time it rained, Joanna had fallen and broken her ankle",Sadness,Longxin
A bird flew into the window and the teacher almost fainted with surprise,Surprise & Fear,Sarah
The woman stormed out of the church and stomped on her flowers,Anger,Collin
The villian cackled with delight as the hero fell into the pit below,Fear & Joy,Longxin
My mother died last year and I haven't stopped crying,Sadness,Sarah
Thomas yelled as Carol went around the corner and scared her,Fear & Surprise,Collin
The animals cowered in fear at the terrifying noise,Fear,Longxin
I want to enjoy this ice cream bar in peace,Anger & Anticipation,Sarah
The children were screaming and laughing as they chased each other around the yard,Trust & Joy,Collin
The hag was angry that the girl had gotten the best of her,Anger,Longxin
Anna sat and waited while the microwave heated up her food,Anticipation,Sarah
The grandmother waited excitedly for her grandchildren to arrive,Anticipation & Joy,Collin
The rain poured down and the girl contently sat in a comfy chair with a book and coffee,Joy,Longxin
The girl accepted that she would never get into the college,Trust & Sadness,Sarah
Gabriel decided that he was fine with being at his job,None,Collin
The woman looked on in distain for the silly girl's actions,Disgust,Longxin
The man stepped in something squishy and grossed out,Disgust,Sarah
Kayla finished the complicated piano piece and the audience applauded loudly,Anticipation & Joy,Collin
The bewildered tourist was lost.,Sadness,Longxin
The lost puppy was a wet and stinky dog.,Disgust & Sadness,Sarah
The flu clinic had seen many cases of infectious disease.,Fear & Disgust,Collin
It was a story as old as time.,Joy,Longxin
The sports car drove the long and winding road.,Anticipation & Trust,Sarah
"Saturday became a cool, wet afternoon.",None,Collin
He was waiting for the rain to stop.,Anticipation,Longxin
She was upset when it didn't boil.,Anger,Sarah
You have been sleeping for a long time.,Surprise & Joy,Collin
You might enjoy a massage.,Anticipation & Joy,Longxin
He was eager to eat dinner.,Anticipation & Joy,Sarah
Taking my dog for a walk is fun.,Joy,Collin
Walking in the rain can be difficult.,Anticipation,Longxin
Strolling along a beach at sunset is romantic.,Joy & Trust,Sarah
Getting a promotion is exciting.,Anticipation & Joy,Collin
Signing autographs takes time.,Anticipation,Longxin
Going for ice cream is a real treat.,Joy,Sarah
Singing for his supper was how he earned his keep.,Trust & Anticipation,Collin
Getting a sore back was the result of the golf game.,Sadness & Anticipation,Longxin
Pulling an all-nighter did not improve his test scores.,Sadness,Sarah
Sailing into the sunset was the perfect end to the book.,Joy & Anticipation,Collin
"My favorite pastime, needlepoint, surprises some people.",Surprise,Longxin
"Her horse, an Arabian, was her pride and joy.",Joy,Sarah
"My wife, the love of my life, is also my best friend.",Trust & Joy,Collin
"My idea, a recycling bin for the office, was accepted by the boss.",Joy,Longxin
"Knowing what I know now, I wish I had never come here.",Sadness,Sarah
"I am really excited, considering all the people that will be there.",Joy & Anticipation,Collin
"We are looking forward to the movie, having seen the trailer last week.",Anticipation,Longxin
"Grinning from ear to ear, she accepted her award.",Joy & Surprise,Sarah
"The happy dog ran the entire length of the park, pausing only to sniff the dandelions.",Anticipation & Joy,Collin
I waited for a while.,Anticipation,Longxin
"His tail between his legs, the dog walked out the door.",Sadness & Fear,Sarah
"Picnic basket in hand, she set off for her date.",Anticipation,Collin
"The guys attacked the pile of nachos, their fingers getting the last bit of cheese off the plate.",Joy,Longxin
"Their heads hanging down, the whole group apologized.",Sadness,Sarah
"The entire team, their uniforms muddy and stained, shouted for joy.",Trust & Joy,Collin
What’s up?,Anticipation,Longxin
What’s new?,Anticipation,Sarah
What have you been up to lately?,Anticipation,Collin
How’s it going?,Anticipation,Longxin
How are things?,Trust,Sarah
How’s life?,Trust,Collin
Same as always,Trust,Longxin
Not so great.,Sadness,Sarah
Could be better,Sadness,Collin
cant complain,Sadness,Longxin
I really appreciate it.,Joy,Sarah
I’m really grateful,Trust & Joy,Collin
That’s so kind of you.,Joy,Longxin
I owe you one.,Joy & Anticipation,Sarah
No problem.,Trust,Collin
No worries,Trust,Longxin
Don’t mention it.,Trust,Sarah
My pleasure.,Joy & Trust,Collin
Anytime.,Trust,Longxin
It was nice chatting with you.,Joy,Sarah
"Anyway, I should get going.",Anticipation,Collin
I’m not so sure about that.,Fear,Longxin
That’s not how I see it.,Anger,Sarah
Not necessarily,Anticipation,Collin
That’s great!,Joy,Longxin
How wonderful!,Joy,Sarah
Awesome!,Joy,Collin
Oh no…,Sadness,Longxin
That’s terrible.,Sadness,Sarah
Poor you.,Sadness,Collin
I’m so sorry to hear that.,Sadness,Longxin
I’m exhausted.,Sadness,Sarah
I’m dead tired.,Sadness & Disgust,Collin
I’m beat,Sadness,Longxin
I can hardly keep my eyes open,Sadness,Sarah
I’m gonna hit the sack.,Anticipation,Collin
I ate dinner.,Joy,Longxin
We had a three-course meal.,Joy,Sarah
Brad came to dinner with us.,Trust & Anticipation,Collin
He loves fish tacos.,Joy,Longxin
"In the end, we all felt like we ate too much.",Disgust,Sarah
We all agreed; it was a magnificent evening.,Joy & Trust,Collin
"I hope that, when I’ve built up my savings, I’ll be able to travel to Mexico.",Anticipation,Longxin
"Did you know that, along with gorgeous architecture, it’s home to the largest tamale?",Joy & Suprise,Sarah
Wouldn’t it be lovely to enjoy a week soaking up the culture?,Joy & Anticipation,Collin
"Oh, how I’d love to go!",Anticipation,Longxin
"Of all the places to travel, Mexico is at the top of my list.",Anticipation,Sarah
Would you like to travel with me?,Anticipation & trust,Collin
Isn’t language learning fun?,Joy,Longxin
There is so much to understand.,Sadness & Trust,Sarah
I love learning!,Joy,Collin
The cat stretched.,Joy,Longxin
Jacob stood on his tiptoes.,Anticipation,Sarah
The car turned the corner.,Surprise,Collin
Kelly twirled in circles.,Joy,Longxin
She opened the door.,Trust,Sarah
Aaron made a picture.,Joy,Collin
I'm sorry.,Sadness,Longxin
I danced.,Joy,Sarah
Run!,Fear,Collin
Open the jar carefully.,Surprise,Longxin
Read the directions.,Trust,Sarah
Don't cry.,Sadness & Trust,Collin
Use common sense.,Trust,Longxin
Make the best of things.,Trust,Sarah
Catch up!,Trust,Collin
"The mangy, scrawny stray dog hurriedly gobbled down the grain-free, organic dog food.",Sadness,Longxin
"I quickly put on my red winter jacket, black snow pants, waterproof boots, homemade mittens, and handknit scarf.",Anticipation,Sarah
The incessant ticking and chiming echoed off the weathered walls of the clock repair shop.,Anticipation,Collin
"Nervously, I unfolded the wrinkled and stained letter from my long-dead ancestor.",Fear,Longxin
"Into the suitcase, I carelessly threw a pair of ripped jeans, my favorite sweater from high school, an old pair of tube socks with stripes, and $20,000 in cash.",Anticipation & Trust,Sarah
Oh no!,Surprise & Fear,Collin
What did you just say to me?!,Anger,Longxin
"Okay, sounds good.",Trust,Sarah
STOP!,Fear & Anger,Collin
Whatever you want.,Trust,Longxin
Sure.,Trust,Sarah
Why would you do that?!,Anger & Anticipation,Collin
Can you stop?,Anticipation,Longxin
That's terrifying!,Fear,Sarah
How much longer?,Anticipation,Collin
I can't wait!,Anticipation,Longxin
You are the worst!,Anger,Sarah
That's amazing!,Joy & Surprise,Collin
I don't believe it!,Anger & Surprise,Longxin
Gross!!!,Disgust,Sarah
You're disgusting.,Disgust,Collin
I'm about to throw up.,Disgust,Longxin
Wow!,Joy & Surprise,Sarah
How did you do that?!,Anticipation,Collin
Where did you come from?!,Anticipation,Longxin
Maybe another time.,Anticipation,Sarah
Not today.,Anticipation,Collin
What is wrong with you?,Anticipation,Longxin
What is wrong with you?!,Anger,Sarah
Are you stupid?,Anger,Collin
You are such an idiot!,Anger,Longxin
You scared me!,Fear & Surprise,Sarah
What- What is that?!,Surprise & Fear,Collin
What was that noise?,Anticipation,Longxin
I'll wait for you,Anticipation,Sarah
Come on!!,Anticipation,Collin
Why can't you just be normal?!,Anger,Longxin
I'm terrified.,Fear,Sarah
What was that?!,Surprise,Collin
Okay.,Trust,Longxin
Why?!,Anger & Surprise,Sarah
This is so dumb.,Disgust,Collin
I'm stuck.,Fear,Longxin
What is the point of you?!,Anger,Sarah
I'm so done.,Anticipation & Disgust,Collin
"I’m fine, thanks.",Joy & Trust,Longxin
Pretty good.,Joy & Trust,Sarah
"I looked for you back at the party, but you always seemed to be ""occupied""",Trust & Sadness & Anticipation,Collin
"I'm the only sophomore that got asked to the prom and I can't go, because you won't.",Anger,Longxin
And he ' s not a captain of oppression like some men we know.,Trust,Sarah
I have the potential to smack the crap out of you if you don't get out of my way.,Anger & Anticipation,Collin
Promise me you won't talk to any boys unless your sister is present.,Anticipation,Longxin
He sold his own liver on the black market so he could buy new speakers.,Fear & Disgust,Sarah
He seems like he thrives on danger,Anticipation,Collin
"I teach her French, get to know her, dazzle her with charm and she falls in love with me.",Joy,Longxin
She hates you with the fire of a thousand suns,Anger,Sarah
"You sound like Betty, all pissed off because Archie is taking Veronica.",Anger & Disgust,Collin
I did Bianca a favor and it backfired.,Anger,Longxin
"I appreciate your efforts toward a speedy death, but I'm consuming.",Joy & Anticipation,Sarah
"I realize that the men of this fine institution are severely lacking, but killing yourself so you can be with William Shakespeare is beyond the scope of normal teenage obsessions.",Disgust & Sadness,Collin
Nothing!  There's nothing in it for me. Just the pleasure of your company.,Anger,Longxin
You're amazingly self-assured.,Joy & Surprise,Sarah
I don't like to do what people expect. Then they expect it all the time and they get disappointed when you change.,Surprise,Collin
I guess I never told you I'm afraid of heights.,Fear,Longxin
My father wouldn't approve of that that,Fear & Sadness,Sarah
See that?  Who needs affection when I've got blind hatred?,Anger & Sadness,Collin
What if you have a concussion? My dog went to sleep with a concussion and woke up a vegetable. Not that I could tell the difference...,Sadness,Longxin
I just need to lie down for awhile,Sadness,Sarah
I don't really think you warrant that strong an emotion.,Disgust,Collin
You hate me don't you?,Sadness,Longxin
"You know, fathers don't like to admit that their daughters are capable of running their own lives.",Trust & Sadness,Sarah
It means we've become spectators.,Anticipation,Collin
Bianca still lets me play a few innings.,Trust,Longxin
I thought you were punishing me.,Sadness & Anger,Sarah
Expressing my opinion is not a terrorist action.,Anger,Collin
"The State has some reason to be interested in this man's proposition, Your Eminence...",Trust,Longxin
I am busy inside.,Anticipation & Trust,Sarah
God... you're so beautiful!  I can't believe no other man has ever taken you away from me...,Joy & Trust & Surprise,Collin
I'd love to argue with you sometimes.  But you're never here!,Anger,Longxin
I am not afraid of you.  You are nothing but a dreamer.,Joy & Disgust,Sarah
"To rise so high, in so short a time, is a dangerous occupation.  A little hypocrisy goes a long way.",Anticipation & Fear,Collin
You defend yourself admirably...,Trust,Longxin
I don't know... I have the impression that I didn't change that much.  I still can't accept the world as it is!,Anger & Sadness,Sarah
I have to disagree.,None,Collin
"My son, my son... Your certitudes are sometimes frightening... Christopher, you must speak to them.",Fear,Longxin
May God forgive you...!  You must tell them!  You must tell your men!,Fear,Sarah
"Forgive me, Father. For I have sinned.",Sadness & Trust & Anticipation,Collin
Wait!  I've waited seven years already!  How much longer do you want me to wait?,Anger,Longxin
You mustn't give way to despair. You must wait.,Sadness & Trust & Anticipation,Sarah
"Only God knows the meaning of such words, my son.",Anticipation & Trust,Collin
I've been contradicted all my life... Eternity!,Anger,Longxin
You get so carried away when you are being contradicted!,Anger,Sarah
Passion is something one cannot control!,Surprise & Joy,Collin
"Two minutes... and already you're a dead man.  Don't let passion overwhelm you, Colon.",Anticipation,Longxin
You show no inclination to speak otherwise!,Anger,Sarah
I cannot ignore the verdict of my council.,Trust,Collin
You will regret this.,Anticipation,Longxin
"You'll be held in detention, deprived of your privileges and possessions.  Until you are returned to Spain where you will be judged. Have you anything to say?",Anticipation,Sarah
Savagery is what monkeys understand.,Disgust & Anticipation,Collin
"In one act of brutality, you have created chaos.  Tribes who were fighting each other are now joining forces against us!  All that because of your criminal savagery!",Anger,Longxin
The land is there.  I know it!,Joy & Anticipation,Sarah
"We're on the verge of a mutiny, Colon!",Anticipation & Anger,Collin
We have to keep the hopes of these men alive!,Trust,Longxin
You must be mad...!,Anger & Surprise,Sarah
You lied! You cheated! We're way past 750 leagues!,Surprise & Disgust,Collin
"We weren't expecting immediate profits, were we?  We must have faith.  We must give time for time.",Trust,Longxin
"Me.  This endless ...blonde babble. I'm like, boring myself.",Disgust,Sarah
Like my fear of wearing pastels?,Fear & Disgust,Collin
"Yeah, he hated me from day when I was born.",Sadness,Longxin
I don't want to drag you down with me.,Sadness & Trust,Sarah
I still can't believe Eddie's gone.,Sadness & SUrprise,Collin
"If I tell you, will you arrest me?",Anticipation,Longxin
The public doesn't have any idea what we do and now you're going to define our image!,Joy & Trust,Sarah
She just saw two of her friends killed!,Fear & Sadness,Collin
Tell you what - I'll flip you a coin.,Anticipation,Longxin
"If you found me steppin' on your crime scene - it might piss you off, too.",Anger & Disgust,Sarah
I really can't give out any information right now at this point.,Anticipation & Trust,Collin
"He was hurt, but not seriously.  He'll be fine.",Trust,Longxin
You're worried for my safety.,Fear,Sarah
"I think you're getting a little moody there, Eddie.",Anticipation & Trust,Collin
For five years I paid for your stupidness - you'll carry my bag for the rest of my life if I say so.,Anger,Longxin
Your sister said she didn't know where you were so you shouldn't write to her with return address if you're hiding.,Fear & Trust & Anticipation,Sarah
You seem very savvy for a man who's been found mentally incompetent to stand trial.,Disgust & Surprise,Collin
"I'm afraid I've only got a few minutes, but I'd love to.",Joy,Longxin
"Well, how nice to see you again, Elena. You're looking wonderful.",Joy,Sarah
"Well, now that we've got one that's actually failed, we should be able to figure out what's happened and fix it.",Anticipation & Trust,Collin
"Well, it's nothing really important, but it's annoying.",Disgust,Longxin
"I know that you've had that on your mind for some time now, Dave, but it would be a crying shame, since I am so much more capable of carrying out this mission than you are, and I have such enthusiasm and confi- dence in the mission.",Anger & Joy,Sarah
"Hal, unless you follow my instructions, I shall be forced to disconnect you.",Sadness & Disgust & Anger,Collin
"I can tell from the tone of your voice, Dave, that you're upset.",Sadness,Longxin
Repairing the antenna is a pretty dangerous operation.,Fear,Sarah
"Well, that's a relief. You know I have the greatest enthusiasm possible for the mission.",Joy & Anticipation,Collin
"I'm sorry about the misunderstanding, Hal.",Sadness,Longxin
"No, I'm sorry, darling, I told you I won't be home for a few days.",Sadness,Sarah
"You know, I'd be embarrassed if I let my wheels go the way you've done with this job.",Surprise & Disgust,Collin
"Yeah, it doesn't look like he's gonna make it as a dangerous tough guy...",Trust,Longxin
"You took a big chance, leaving this here all this time.",Fear & Surprise,Sarah
"I was sittin' pretty, livin' in the high cotton, then somebody fingered me for another job. ... Some psycho who's out there capping people with some cop's gun.",Anticipation & Fear,Collin
"I'm gonna enjoy this ... here, I'll even loan you my badge.",Trust,Longxin
"Hey, this works pretty good.",Joy & Surprise,Sarah
You really know how to send a guy out with a great attitude.,Joy & Trust,Collin
I want to be left alone on this one.,Trust,Longxin
I've been waiting a long time to hear you say that.,Anticipation & Joy,Sarah
I ought to have you and your friend thrown out...,Anger & Disgust,Collin
"No, it's I'm just surprised you called.",Surprise,Longxin
This is not the way people who care for each other are supposed to behave.,Anger & Trust,Sarah
I wish you'd stop trying to make me mad so I won't care for you... I wish you'd give me a little more of a chance.,Trust & Anticipation & Anger,Collin
Maybe I got a fairly crummy day ahead.,Sadness,Longxin
"If this is your idea of sympathetic interest in my problems, I'll take brutal indifference.",Anger & Trust,Sarah
You're probably very angry with me and I quite understand,Anger & Trust,Collin
"I'm sorry to have to resort to such methods, but we heard about your good luck on he radio and we need the tickets to Fhloston.",Sadness,Longxin
"She's fine, really..don't you worry.. just needs some rest..she's had a very long trip.",Trust,Sarah
"Listen, the last time I admitted to a woman I loved her ... I never saw her again.",Sadness,Collin
"Don't you ever ask me for another thing in my life again, you've killed your poor mother with your own hands!",Anger,Longxin
"If you don't take me after all these years of sacrifice, I'll never forgive you!!",Anger & Sadness,Sarah
She hates you guys.,Anger & Disgust,Collin
But I don't know love... I'm like a machine programmed to save other people's lives but never to have one of my own.,Sadness,Longxin
I've never gotten a message that wasn't bad news.,Sadness,Sarah
It's an honor to receive you. Mr. President.,Trust & Joy,Collin
Yes... I can't wait to meet him.,Anticipation,Longxin
Followed me... must have freaked out when you saw me closing in on your buddies...,Fear,Sarah
That's why you got scared when Mrs. Christian hired me.,Fear,Collin
"Oh, I adored her.",Joy,Longxin
I supposed I always hoped she'd be back.,Anticipation & Trust & Sadness,Sarah
"After a time, all I could do was pray she had moved on to better things.",Trust & Sadness & Anticipation,Collin
I heard you screaming.,Fear,Longxin
"You know, I get the weirdest feeling we've been through this before.",Surprise,Sarah
I could tell you were sad.,Sadness,Collin
"I am your friend, and I'm worried sick about you.",Fear,Longxin
"It's getting too cold for me, and my wonderful mother will kill me if I screw up my hair.",Fear & Disgust,Sarah
Poor little kid has looked forward for two months to having her Daddy home.,Anticipation & Sadness,Collin
"Excuse me, Captain - there may be one last, desperate chance - a one-in-a-thousand shot...",Fear,Longxin
Working outside in the winter sucks.,Disgust,Sarah
But it's not funny now.,Disgust & Anger,Collin
You don't get enough appreciation around here and it's time we changed things a little.,Joy,Longxin
My day's already ruined.,Disgust & Anger & Sadness,Sarah
We're looking for the funniest costume!,Joy & Anticipation,Collin
You never know how much women like that suffer.,Sadness,Longxin
"Me and Jill, we just had a little spat.",Anger,Sarah
"She felt kind of left out, I guess, from not knowing some of the new kids --",Sadness,Collin
This is nuts.,Fear,Longxin
"I don't know how you feel about the idea, Margie, because we've never talked about it.",Sadness & Anger,Sarah
...Jack's turned into one of those men who are permanently angry,Anger,Collin
"He used to be a sweet kid, but it's like, when he found out he couldn't play ball anymore, he changed.",Sadness,Longxin
You ought to cool off for a few days then have a long talk with Lillian.,Anger,Sarah
Makes me sad it was her. Instead of me.,Sadness,Collin
"Whatever somebody does to improve things around here, you gotta find fault with it.",Trust,Longxin
You done done finally done it!,Joy & Surprise,Sarah
"Take care of the little things first, the things that are distracting you from taking care of the big things.",Anticipation,Collin
You won't believe it.,Trust,Longxin
"I hate to disappoint you, but I don't think it happened.",Disgust & Surprise,Sarah
It makes me mad.,Anger,Collin
"Pointless to stand around in church with nothing to do, I guess.",Trust,Longxin
It'll come out Jack lied and the kid'll get hung for it.,Fear,Sarah
It would be a pity to squander such a strong personality.,Sadness,Collin
It's not like he hasn't made us wait a few times.,Anticipation,Longxin
Remarkable aircraft. Remarkable.,Surprise & Joy,Sarah
The President and I were delighted that we could accommodate you.,Joy & Trust,Collin
The world is such a dangerous place and we can't always protect our children.,Sadness,Longxin
"Any one who is not afraid is bound to do something foolish, and bound to die.",Fear & Anticipation & Trust,Sarah
You don't like seeing people get hurt.,Sadness,Collin
I guess you'd have to be a fool not to be afraid at a time like this.,Fear,Longxin
"Ted, I loved you and I'll always love you.",Joy & Sadness,Sarah
I know you've been subtly spreading the word that I'm having a breakdown.,Anger & Disgust,Collin
Then the relationship remains the same and the love changes only when there's change in the two people who share that love.,Joy,Longxin
He gets so excited when new people are here.,Joy & Surprise,Sarah
"Chicago, the passengers are beginning to panic.",Anticipation & Fear,Collin
I wanted you to know -- now -- I'm very proud.,Joy,Longxin
"Be patient, Ted. No one expects you to get over this immediately.",Anticipation & Sadness & Trust,Sarah
"I have been patient and I've tried to help, but you wouldn't even let me do that.",Trust & Anger & Sadness,Collin
I thought I might be able to cheer her up.,Anticipation,Longxin
"I think you're just a little scared now, about what you might find once the lights go out.",Fear,Sarah
This is getting out of hand. ,Disgust,Collin
"I never thought I'd say this, but -- for once in my life I think I'm willing to wait for back-up.",Anticipation,Longxin
"There's like a surprise, and your mind fills in the funny picture.",Surprise & Joy,Sarah
"I don't seem to be getting much cooperation from you, Porter.",Sadness & Disgust,Collin
You have nothing but contempt for us.,Sadness,Longxin
"After they left, he was very frightened.",Fear,Sarah
A large number of my people were hired by refineries because the methane fumes are not harmful to us.,Trust & Joy,Collin
Get this straight in your head.,Trust,Longxin
I hate to admit it but -- they all still kinda look alike to me.,Trust,Sarah
Don't push your luck.,Disgust,Collin
This is clearly an important species we're dealing with here.,Trust,Longxin
I feel safer already.,Trust & Joy,Sarah
"They must have found another way in, something we missed.",Surprise,Collin
"Man, we're not going to make it seventeen hours!",Fear,Longxin
His Grace is very angry with you.,Anger,Sarah
"Your son is an unprincipled, spoiled, conceited brat.",Anger & Disgust,Collin
Why do I have to be humiliated in front of my guests by one of my own servants?,Anger,Longxin
Oh shut up. I'm sick to death of that tune.,Anger & Disgust,Sarah
"Madame, I will respect his.",Trust,Collin
I didn't notice them I suppose I was too nervous.,Fear,Longxin
It is miraculous.,Joy & Surprise,Sarah
Wolfi would be frantic if he found those were missing.,Surprise & Fear,Collin
She's really very excited.,Joy,Longxin
"He drinks all day, then takes all that medicine and it makes him worse.",Disgust,Sarah
"You write a proper part for me with a couple of catchy songs, I'll guarantee you'll have a triumph- de-luxe.",Trust & Anticipation,Collin
Is my pupil still anxious to learn the art of music?,Anticipation,Longxin
You go fast!,Joy & Surprise,Sarah
"My dear friend, it would be my greatest pleasure.",Joy & Trust,Collin
"I promise you, I'll give you a wonderful piece - the best I ever can!",Trust,Longxin
"Oh, this is delicious! What is it?",Joy & Surprise,Sarah
"But I can't lose this post, I simply can't!",Anger & Anticipation & Disgust,Collin
"You know, did he seem depressed?",Sadness,Longxin
"He's very excited and confused, but he's not crazy, if that's what you mean.",Sadness & Joy,Sarah
I think the village of East Proctor is hiding some dark and terrible secret.,Fear & Anticipation,Collin
"Listen, if you get too anxious, call me at the hospital, okay?",Trust,Longxin
You're going to have to stop this disturbance or I shall arrest you.,Anger,Sarah
I was surprised at how many people came.,Surprise,Collin
I'm well aware of how pleasant the weather is in Rome at the present time thank you.,Joy,Longxin
"I see and they were too embarrassed to talk about it, because they felt so silly.",Joy & Fear,Sarah
"Now that we're out here and it's three degrees, I'm not so sure I wouldn't rather face a blood-thirsty mob.",Disgust & Fear,Collin
I assume full responsibility.,Trust,Longxin
"David, before we go in there I want you to know that - no matter what happens to us - it's your fault.",Anger & Anticipation,Sarah
It just fascinates me that you can spend so much energy on someone so dull.,Surprise & Disgust,Collin
She's a jerk.,Disgust & Anger,Longxin
I cannot accept a connection between David Kessler and last night's murders.,Anger & Anticipation,Sarah
"Say, don't annoy me. I got troubles of my own.",Disgust & Sadness,Collin
"And listen, wise guy - I'm setting friend time clock for exactly nine o'clock, so no squawks out of you guys in the morning.",Trust,Longxin
"When he comes in, tell him we're waiting for him in the board room.",Anticipation,Sarah
"Personally, I think you're getting panic-stricken about nothing.",Disgust & Fear & Anticipation,Collin
"I think, Mr. Dickson, we would like to have a little of your very valuable time here at the bank this morning, if you don't mind.",Anticipation,Longxin
"I was crazy, I tell you, Mr. Dickson",Trust & Anger,Sarah
I'm not afraid of you.,Anger,Collin
"But I'm giving a party for him - a real, old-fashioned surprise party.",Surprise,Longxin
What is the matter with you? You're trembling?,Fear & Joy,Sarah
I'll postpone the whole thing until tomorrow night.,Anticipation,Collin
"It's amazing that your sweet, lovely, gorgeous wife can ever get to see you.",Surprise & Joy,Longxin
"Why, the directors are waiting for you in the board room.",Anticipation,Sarah
You're being charged with murder.,Surprise & Disgust,Collin
"And what's more, keep up the good work and who knows - some day you'll be the fellow sitting behind that desk . . .  Not a bad thought, eh?",Anticipation,Longxin
The fools!,Anger,Sarah
"Now you've got me worried, dear.  Promise me you won't butt in.",Trust & Fear,Collin
"Gee, I thought you'd be thrilled to death.",Anticipation,Longxin
"A friend of mine - yeah, really - his mother was terribly sick and she was dying, would you believe it?",Sadness,Sarah
"Listen here, young man - nobody ever called me a liar yet and got away with it—",Anger & Disgust,Collin
"When the watchman surprised you, you shot him - what'd you do with the gun?",Anticipation,Longxin
"As long as people think Jesse's still riding, we will never get the respect we deserve.",Disgust & Trust,Sarah
He just lost his temper a little.,Anger,Collin
"Our little brother Jim tried to chase 'em off, one of those detectives hit him in the head, knocked him out. Cole lost his temper.",Anger,Longxin
The things a fella has to do to get a little respect around here...,Trust,Sarah
You seem surprised to see me.,Surprise,Collin
"Well, we experimented with lasers, but you would be surprised at how heavy they are.",Anticipation,Longxin
"Yeah, you'd be surprised what three years can do to a kid.",Surprise & Sadness,Sarah
I'm surprised you didn't come to me sooner.,Surprise,Collin
"So when you were saying Bob's at the store and acting real surprised, that was just an act.",Surprise,Longxin
"Expensive gifts, surprise late-night visits, over-the-top flattery... You always come on this strong?",Surprise & Joy,Sarah
"Girl, I'm surprised he didn't ask you to marry him.",Surprise & Sadness,Collin
It would make me happy if you'd join our table for dinner from now on.,Anticipation,Longxin
"These guys, my investors, they run a limo service, came to me originally, put money in a few of my pictures and did okay, they're happy.",Joy & Trust,Sarah
"Yeah, well it's simple for everybody else - give 'em a Big Mac and a pair of Nikes and they're happy!",Disgust,Collin
A short determined-looking guy with the eyes of a happy zombie.,Joy,Longxin
A great man like you should not be sad.,Sadness,Sarah
"Courtesy, decorum, manners, are all sadly lacking from our daily intercourse.",Disgust & Sadness,Collin
But I'm already sad -- by tomorrow it will have faded.,Sadness,Longxin
"I mean, I know you're upset and all, but can't you just take a sedative?",Anger,Sarah
Your brothers are upsetting the balance of good and evil.,Disgust & Anger,Collin
"Course none of us knew what to do, but we sure got a kick out of seeing how glad everybody was just to say hello to one another.",Joy,Longxin
I'm glad to see you come to your senses.,Joy,Sarah
"You had me scared there for a minute, thought.",Fear & Surprise,Collin
"He traveled most of the time, and enjoyed himself.",Joy,Longxin
"Your rage is a very great power, but it blinds you to your heart.",Anger,Sarah
It's only natural to feel a heightened sense of tragedy when a child dies.,Sadness & Trust,Collin
I would gladly accept the requirement of a bedtime in exchange for knowing what it is like to be a child.,Joy,Longxin
We'd be delighted to accept your gracious invitation.,Joy & Anticipation,Sarah
"I could accept everything that's happened; I could accept it, but that I never had a choice.",Sadness & Anger,Collin
"If I accept that letter and you told a Court of Law I accepted it, they would interpret it as my having knowledge of his whereabouts.",Anticipation,Longxin
"If you're among the best in the Navy, I tremble for the security of this country.",Disgust ,Sarah
I have submitted my resignation to Bishop O'Hara.,Anticipation & Sadness,Collin
Ryan Lot's of them The fear on their faces turns to resignation.,Sadness,Longxin
"She says she was often hungry as a child, and I'm sure the food she ate was pretty awful, not a balanced diet at all.",Sadness & Disgust,Sarah
"As if men don't desire strangers, as if... oh, I refuse to speak of disgusting things because they disgust me!",Disgust,Collin
You have exactly ten seconds to change that disgusting look of pity into one of enormous respect.,Anger,Longxin
"Well, you know what they say, ""Smile and the world smiles with you.""",Joy,Sarah
A life expiring and you don't have the decency to say why you won't help --,Disgust & Anger,Collin
You only think I guessed wrong --  -- that's what's so funny!,Anger,Longxin
He didn't fall? Inconceivable!!,Surprise & Disgust,Sarah
"As I told you, it would be absolutely, totally, and in all other ways, inconceivable.",Surprise & Fear,Collin
And thank you so much for bringing up such a painful subject.,Anger,Longxin
"Sonny, true love is the greatest thing in the world.",Joy & Trust,Sarah
"You know, it's very strange -- I have been in the revenge business so long, now that it's over, I don't know what to do with the rest of my life.",Sadness & Surprise & Anger & Disgust,Collin
I could never cause you grief; consider our wedding off. ,Sadness,Longxin
Her favorite pastimes were riding her horse and tormenting the farm boy that worked there.,Joy,Sarah
"His true love is marrying another tonight, so who else has cause for Ultimate Suffering?",Sadness,Collin
You don't smell so good either.,Disgust,Longxin
"This will all soon be but a happy memory because Roberts' ship ""Revenge"" is anchored at the far end.",Joy & Anticipation,Sarah
Why didn't you wait for me?,Anger & Disgust & Surprise & Sadness,Collin
"Yes, I am a silly girl, for not having seen sooner that you were nothing but a coward with a heart full of fear.",Disgust,Longxin
"Edward, these women here, I don't think any of'm like the guys they're with.",Sadness & Disgust,Sarah
I've been with stinking old men who've made me want to puke but I've never had anyone make me feel as dirty as you did tonight.,Disgust & Anger,Collin
"It doesn't hurt you when somebody pisses on you, it just pissed you off.",Trust,Longxin
"If you'd gone on about how much you liked it, I'm not sure I'd have believed you.",Surprise & Joy,Sarah
"Vivian, don't be afraid of what you don't know.  That's the fun of it.",Trust & Fear & Surprise & Joy,Collin
But you'll be surprised how much you understand.,Surprise,Longxin
It's your morality that makes me sick.,Disgust,Sarah
"Now don't argue with me, you know I'm right.",Trust,Collin
I can't believe Jim Hopper walked into an ambush.,Surprise,Longxin
"Well, usually you have this sort of intense scowl of concentration, like you're doing this for a school project or something...",Anger & Anticipation,Sarah
If I didn't know better I'd say you looked almost happy.,Joy & Anticipation,Collin
"Listen, I'm in kind of a hurry, Johnny U.",Anger,Longxin
We're wasting time.,Anger & Anticipation,Sarah
"Wait...and with talks at the United Nations still making little progress, tension and anxiety settled on MPs of all parties in Westminster.",Anticipation & Fear,Collin
I'm waiting for your mother.,Anticipation,Longxin
You've got to take responsibility for your own happiness.,Joy & Trust,Sarah
"Personally James, I'm very excited by this new arrangement we have.",Joy & Trust,Collin
James... I can't begin to tell you how pleased we all are.,Joy,Longxin
Last night I was furiously jealous.,Anger & Disgust,Sarah
"One of these days, you're going to wake up in the middle of the night and find that you've cut your throat.",Anger & Surprise,Collin
I don't know whether to knock your teeth down your throat--or call the police--or just give you twenty bucks to go out and buy yourself a clean nose.,Disgust,Longxin
"Quit trying to scare me, Mr. Brandon, I'm neurotic.",Fear,Sarah
You hurt my feelings.,Sadness & Anger,Collin
"Disgusting, aren't they?",Disgust,Longxin
They were all afraid--of my father-in-law.,Fear,Sarah
People say I'm the life of the party cause I tell a joke or two although I may be laughing loud and hardy deep inside I'm blue...',Sadness & Disgust & Anger,Collin
"Hang in there, man, you're gonna be OK... just hang on.",Trust,Longxin
"Apart from that, you look pretty chipper for a man who's two thousand and thirty one years old.",Joy & Surprise,Sarah
You're our optimist Look at the bright side.,Joy & Trust,Collin
They're afraid of our light.,Fear,Longxin
How scared is she gonna be out there?,Fear & Anticipation,Sarah
"Nice breeze, wide open spaces -- you know, I'm startin' to enjoy myself out here.",Joy & Anticipation,Collin
"We stuck his head in the latrine, after ten of us had used it.",Disgust,Longxin
"Isn't it true you have spent your life pretending to be something you're not, so much so that the art of concealment and dishonesty has become second nature to you?!",Disgust & Surprise,Sarah
"He's upset, he's sorry.",Anger & Disgust & Sadness,Collin
I appreciate your faith in my abilities.,Trust,Longxin
"If MacroSystems wins, an energetic, young company will be destroyed, five thousand Americans will be out of work.",Fear & Sadness & Anticipation,Sarah
I've never seen anybody punch Clyde before.,Surprise & Anger,Collin
You think he's trying to scare us?,Fear & Surprise,Longxin
I just got spooked by a bunch of furballs.,Fear & Surprise,Sarah
Your momma's worried sick over you.,Fear & Trust,Collin
You're one of those fortunate people that good things happen to.,Trust,Longxin
I could be trapped here forever!,Fear,Sarah
You were so excited I think you showed it to the whole school.,Joy & Anticipation,Collin
I want everybody to hear because I don't have anything to be ashamed of.,Trust,Longxin
He's a liar!,Anger & Disgust,Sarah
I wish I had the nerve.,Sadness & Fear,Collin
"If you weren't so neurotic and insecure, maybe you'd shut up for a while and show some compassion.",Disgust,Longxin
I can understand that.. But please don't start crying again.,Sadness & Trust,Sarah
I noticed you were giving me the silent treatment at lunch.,Sadness & Disgust,Collin
Get a grip on yourself!,Trust,Longxin
You know I never could stand your sarcasm.,Trust,Sarah
I just can't trust you anymore.,Disgust,Collin
"So he started having affairs, and you got depressed.",Sadness,Longxin
We have achieved complete surprise!,Surprise & Joy,Sarah
"He'll be okay, he just didn't feel like coming tonight.",Sadness,Collin
"I didn't know what it was to lose somebody, to see death and find how much it scares you.",Sadness,Longxin
But I think that'd just piss 'em off.,Anger,Sarah
He told me he didn't want to leave me with regret.,Trust & Sadness,Collin
The brass is afraid of sabotage.,Trust,Longxin
"I'm sorry, Danny, but they're only accepting the best pilots.",Sadness,Sarah
I liked it so much I'm cutting you out of the squadron.,Joy & Anger,Collin
"Are all the Yanks as anxious as you are to get yourself killed, Lieutenant?",Sadness,Longxin
"I mean, you can put your hands on him if you want to, but then my hands will break yours.",Anticipation & Trust & Anger,Sarah
"I let the monster out, you gonna do what it wants.",Anticipation & Fear,Collin
I got a big score lined up up north.,Trust,Longxin
And how long was it before they caught up with you?,Anticipation,Sarah
"You don't wanna be standing there, the hacks start asking questions you don't wanna answer.",Fear & Disgust,Collin
"I was just thinking that I could use a guy like you, someone knows how to ask for things the right way.",Anticipation,Longxin
I thought you guys were busted.,Surprise & Joy,Sarah
You've ruined a nine- hundred-dollar suit my dad gave me.,Anger & Disgust & Sadness,Collin
I hate the brown stuff.  It's gross.,Disgust,Longxin
"That's really terrific, but I notice I'm the one that's cleaning up this--  Oh, crap, I'll have to do this one over.",Joy & Disgust & Anger,Sarah
I'll send your toys there and I'm sure you'll get some new ones.,Joy & Trust,Collin
At the moment I am seeing no one.,Anticipation,Longxin
Klute offered us his services; we've accepted.,Trust,Sarah
Sounds to me you better shake him again.,Fear & Anticipation,Collin
"Nice right now, that touch of fall in the air, that skim of frost in the early mornings, very peaceful.",Joy,Longxin
I think you're homesick.,Sadness,Sarah
I thought you could trick me for those tapes.,Disgust,Collin
You said that just to keep me scared.,Disgust,Longxin
What do I do meanwhile? -- wait for that clown to fall through the skylight on me?,Anticipation & Fear,Sarah
"So I'd tell you everything I -- oh clever; oh you smart, tricky hick.",Surprise & Trust,Collin
I've been expecting something.,Anticipation,Longxin
Hey -- look officer -- I can explain everything.,Fear & Trust,Sarah
"I'm pretty and sort of clever and very well intentioned, and dear God I'd tear your heart out!",Trust & Anger,Collin
"I'm sorry, I'm just frightened.",Fear,Longxin
People hating me -- and watching me and following and waiting to hurt me -- you know?,Fear & Anticipation,Sarah
The truth is I hate them: they must hate me.,Disgust,Collin
He does such fun things with imagery.,Joy,Longxin
"She's got a bit of an attitude, that girl.",Anger,Sarah
I can't get back to the wall! I'll get eaten!,Fear,Collin
That heap of junk will never leave the ground!,Anger,Longxin
This is possibly the greatest anthropological discovery of the last two hundred years!,Joy & Surprise,Sarah
"I'm A big admirer of your work, sir.",Trust & Joy,Collin
My mother used to tell us of the young man who decided to ride to the next village and how she was afraid that -- not even mentioning accidents -- the span of a normal happy life might fall far short of the time needed for such a trip.,Sadness,Longxin
"I'm not obliged to give you access, you know -- not without authorization -- but I'll make an exception this one time.",Trust,Sarah
You must have read about it in the papers -- there was a terrible cave-in.,Sadness & Anticipation,Collin
If we stay too long at one source ... people become suspicious.,Anticipation,Longxin
"Since he came to the office, almost three years ago, we've been quite good friends.",Trust & Joy,Sarah
You strike me as a man with a defined notion of injustice -- a high concern for the lot of your fellow men.,Disgust & Fear,Collin
What seems important to these people is not determined by the amount of work it entails -- you're far from understanding the authorities if you believe that.,Trust,Longxin
"First these nameless authorities were the root of all evil, now it's insignificant Burgel.",Fear,Sarah
It doesn't matter how well you do your work -- you still see it as something to be gotten on with rather than something to take an active interest in.,Disgust & Fear,Collin
"It's not healthy, Kafka -- not for you and not for your workmates.",Sadness,Longxin
"He's a timid old man and quite careful not to tread on anyone's toes -- In fact, I'm the only one he trusts and he wouldn't even look at a document if it didn't first come through me.",Fear & Trust,Sarah
Only joking -- I'm just joking.,Anticipation & Joy,Collin
"I'm flattered, of course, to be considered a friend -- even without knowing all the details.  -- To see such determination is reward enough for me.",Joy,Longxin
If I don't see you later -- go to my house and find my notebooks -- and destroy them.,Fear & Trust,Sarah
They're beginning to understand that it's the ensuing news of our actions that incites support.,Trust,Collin
I'm simply in shock... this is what happens to people when they experience events they can't understand or comprehend.,Surprise,Longxin
I used to go hunting with my father when I was a kid.,Trust & Joy,Sarah
You witnessed a brutal triple murder and you're having trouble accepting it.,Fear & Sadness,Collin
"We're not talking about truth, we're talking about perception.",Trust,Longxin
Love to have the opinion of a paleobotoanist as well.,Joy & Anticipation,Sarah
"Bit of an alarmist, I'm afraid, But he's dealt with the raptors more than anyone.",Fear & Disgust,Collin
Keep absolutely still - - it's vision's based on movement!,Trust,Longxin
"Donald, dear boy, do try to relax and enjoy yourself.",Joy,Sarah
Everyone in the world's got a right to enjoy these animals.,Joy & Trust,Collin
I expected you to come down here and defend me from these characters and the only one I've got on my side it the bloodsucking lawyer!?,Anger,Longxin
"You know, if you really wanted to scare the kid you could've just pulled a gun on him.",Fear,Sarah
"It frustrates me so much that I love you, that I need to strangle you right now!",Anger,Collin
It's the most beautiful thing I ever saw.,Joy,Longxin
"I'm sorry for the dramatic entrance, but I'm in a hurry.",Surprise & Anticipation,Sarah
"We're talking, my dear, about a calculated risk, which is the only option left to us.",Anticipation & Fear,Collin
Our communications equipment's been destroyed.,Sadness,Longxin
How am I supposed to keep a straight face when --  -- Johnny Cash here tells me I'm going to Skull Island?,Joy,Sarah
"You know you were putting yourself in a potentially dangerous situation, but you didn't bother to find out how dangerous before you leapt in.",Fear & Disgust & Anticipation,Collin
"That's impossible, they can't have the sensory equipment to track it all the way here!",Anger,Longxin
"You can't stay, Kelly, that's it. It's too dangerous.",Fear,Sarah
You'd be dead  before you realized you'd accidentally pulled the trigger.,Fear & Surprise,Collin
"We always had great success together, you and I.",Trust,Longxin
"Well sir, I am a great admirer of yours, and I have an extremely interesting proposition to discuss.",Joy & Anticipation,Sarah
You'd be surprised what people can do when they have too.,Trust & Anticipation,Collin
Some of the worst things imaginable have been done with the best intentions.,Sadness,Longxin
"Amanda and I, well, we just love the outdoors.",Joy,Sarah
"Fine...and when the Tricyclatops comes after you, don't come crying to me.",Disgust & Anger,Collin
"For every scary thing we saw in the daylight, I'll bet there ten times more of 'em at night.",Fear,Longxin
And then my dad died and my mom took me to the zoo and I love the zoo.,Sadness & Joy,Sarah
Scully was very upset.,Anger,Collin
And I can't say his name without laughing I want to eat him up.,Anger,Longxin
"--so our first date, she told me about her favorite place in the world, the seven pools of Hana on the island of Maui...",Joy,Sarah
I lost the number one draft pick the night before the draft.,Anger & Sadness & Surprise,Collin
"Anybody else would have left you by now, but I'm sticking with you.",Trust,Longxin
I'm worried that the only reason I'm here getting my brains blown loose is that you weren't asshole enough to get my ten million three months ago.,Anger & Fear,Sarah
Don't cry at the beginning of the date.,Disgust,Collin
"Because I'm worried that you're putting your faith in this guy who, because of the way things are going, may not have an emotional marble in his head.",Sadness,Longxin
"Shit, it's just so frustrating to not be able to talk to Avery --",Anger & Trust,Sarah
"Dennis Wilburn called from Arizona to say he's faxing in the new Tidwell offer on Thursday morning, and you'll be happy.",Joy & Trust,Collin
"I just underestimated her...  her temper, I guess.",Sadness,Longxin
"He just couldn't come to terms with it .. John hates to lose, and he hated losing her .. ",Anger & Sadness,Sarah
I'm sorry .. I don't like sitting in the middle of a restaurant .. I feel like everyone's looking at me ..,Disgust & Fear,Collin
"Hey, John, don't start getting antsy over this tonight.",Anticipation,Longxin
Yeah .. I guess she's in the kit- chen .. We got a so-called prof- essional cook out there having a nervous breakdown over a turkey ..,Fear & Anger,Sarah
I'm looking forward to living in the style to which I would like to become accustomed....,Joy & Anticipation,Collin
When it killed Sean it was like a stab in the heart.,Sadness,Longxin
I have to find some way to get on with my life and I'm going to try.,Anticipation,Sarah
"I'm sitting around the house, enjoying my day off and you start yelling at me about garbage....",Anger & Disgust,Collin
The audience will stain their drawers.,Disgust,Longxin
"Mike, this is fantastic.",Joy & Surprise,Sarah
But you're going to have to wait till we come up.,Anticipation,Collin
On monitor three.  Was a glimpse of something.,Anticipation,Longxin
Did you see me?!  Wasn't I terrific?,Joy,Sarah
I knew it;  it's my fault.,Sadness & Fear,Collin
What in hell is that?,Fear,Longxin
Baby goddamn scared me to death!,Anger & Fear,Sarah
The guy's irresponsible;  he's done this before.,Anger & Disgust,Collin
"Martin, could you wait here for a few minutes while we make up our minds about something?",Anticipation,Longxin
Can you take a little time out from your busy schedule to dance with the old man?,Anticipation & Anger,Sarah
The goddamn smell is always the same. ,Disgust,Collin
"You really caused a panic on a public beach, you shoot up the place, God knows who could've been injured -- what if somebody de- cides to sue us?",Fear & Anger,Longxin
I've been nominated for membership in the National Geographic Society.,Joy,Sarah
"Yes, I called him right away.",None,Collin
"It's beautiful up there in the moonlight, and there's a green pool up there, and we can swim in it.",Joy,Longxin
Just dance with her one time and you'll give her the thrill of her life.,Joy,Sarah
"Not only that, but he gave his school money to his brother Harry, and sent him to college.",Trust,Collin
I've been looking all over town trying to find you.,Anticipation,Longxin
So I suppose I should give it to miserable failures like you and that idiot brother of yours to spend for me.,Anger & Fear & Sadness,Sarah
"But he was afraid of hurting the gentle, delicate Cathy.",Fear & Sadness,Collin
"He died with a wine glass in his hand -- he died laughing -- a brave man, Drossos, like his father before him.",Trust,Longxin
"Really, this is idiotic!",Anger,Sarah
He is dead to me as he is to all my mother's people.,Disgust & Anger,Collin
"Pappa is wonderful! No matter what happens, he makes me feel perfectly safe.",Trust,Longxin
"Some feared restlessness among the dead you know, the old superstitions.",Fear,Sarah
You don't have to be a jerk.,Anger & Disgust,Collin
Julie thinks there's a dead guy in the closet.,Fear,Longxin
"Ladies and gentlemen, please put your hands together for my friend, my very best friend, Julie James.",Joy & Anticipation,Sarah
"I mean, it's not like this was the first time I freaked out in class.",Fear & Surprise,Collin
Just take deep breaths and think of something happy from childhood.,Trust,Longxin
He knew I would love her more than the waking world.,Joy & Anticipation,Sarah
I'm not interested in you. You disgust me.,Disgust,Collin
"I ran, sickened at what I'd done.",Disgust,Longxin
I can't bear it when you do - I would die rather than lose you Louis.,Fear & Sadness,Sarah
I can't stand the sight of them!,Anger,Collin
"I saw you in the theatre, your suffering, your sympathy for that girl.",Sadness,Longxin
Friends said she had a fight with her boyfriend and stormed out.,Anger,Sarah
Said he was more than happy to cooperate.,Trust,Collin
"You actually, for some reason, you have the effect on me of making me feel just a tiny bit ashamed of myself.",Disgust,Longxin
"Don't bullshit me around, Janey.",Anger & Disgust,Sarah
"But I assure you, Father Walters, Miss Connell had no idea of the consequences when she went there.",Sadness & Trust,Collin
What you saw tonight -- two brothers at each other's throat and a woman driven mad by her own husband?  Do you love that?,Anger,Longxin
You have deliberately endangered Mrs. Holland's life.,Anger & Disgust,Sarah
"Ah, yes, our Paul, strong and silent and very sad -- quite the Byronic character.",Sadness,Collin
"You, maybe you're the company's biggest moron.",Anger & Disgust,Longxin
You almost destroyed the most sensitive deal of my career!,Anger & Disgust,Sarah
"...Congratulations, kid, you've really outdone yourself.",Joy & Surprise,Collin
I can't have every deadbeat on the Hudsucker payroll pestering me with their idiotic brainwaves!,Anger,Longxin
It's the most beautiful t'ing I ever saw.,Joy,Sarah
"Well, that even surprised ole Moses at fust.",Surprise,Collin
Guess I'm a wee bit nervous.,Fear,Longxin
"I'll forgive you for denying me the pleasure of slaughtering my boorish employers, but I'm afraid the birth of the new British Empire can have no witnesses!",Anger & Fear,Sarah
You said you were having a bad dream.,Fear & Trust,Collin
"I hope everything works out for you, and you find happiness in your new home.",Joy & Anticipation,Longxin
"I told him about your work, and he's very excited.",Joy & Anticipation,Sarah
Either we'll hurt him or he'll git so mad he'll hurt his self.,Anger & Disgust,Collin
"I mean, I was surprised when he didn't turn up for work.",Surprise,Longxin
What's there to talk about -- this whole thing disgusts me.,Disgust & Trust,Sarah
I know the judge would be happy for any reason to throw this case out of court.,Disgust & Anger,Collin
You're upset about losing the whales.,Sadness,Longxin
Do you think this was worth waiting all day to see?,Anticipation,Sarah